scenario      ,       K,leaf_capacity,max_depth,avg_total_time_s,total_time_std_s,avg_broad_phase_time_s,avg_narrow_phase_time_s,avg_candidates_per_frame, rebuild_count,correctness_ok,repeat_count
uniform_cloud ,       0,           16,        6,        1.079502,        0.042018,              0.822486,               0.108248,                83358.95,          1000,             1,           5
uniform_cloud ,       0,           16,        8,        1.066027,        0.034585,              0.812565,               0.106092,                83358.95,          1000,             1,           5
uniform_cloud ,       0,           16,       10,        1.080601,        0.039299,              0.824261,               0.107523,                83358.95,          1000,             1,           5
uniform_cloud ,       0,           32,        6,        1.075760,        0.014038,              0.648079,               0.319822,               245359.02,          1000,             1,           5
uniform_cloud ,       0,           32,        8,        1.085949,        0.015648,              0.655079,               0.321635,               245359.02,          1000,             1,           5
uniform_cloud ,       0,           32,       10,        1.100786,        0.025977,              0.663493,               0.324653,               245359.02,          1000,             1,           5
uniform_cloud ,       0,           64,        6,        1.547874,        0.063032,              0.811082,               0.665030,               496493.38,          1000,             1,           5
uniform_cloud ,       0,           64,        8,        1.562580,        0.042380,              0.830719,               0.662742,               496493.38,          1000,             1,           5
uniform_cloud ,       0,           64,       10,        1.533866,        0.024866,              0.811795,               0.652729,               496493.38,          1000,             1,           5
uniform_cloud ,       1,           16,        6,        1.093508,        0.015673,              0.831691,               0.110672,                83358.95,          1000,             1,           5
uniform_cloud ,       1,           16,        8,        1.090728,        0.008539,              0.831079,               0.108334,                83358.95,          1000,             1,           5
uniform_cloud ,       1,           16,       10,        1.076069,        0.026137,              0.819901,               0.107209,                83358.95,          1000,             1,           5
uniform_cloud ,       1,           32,        6,        1.080757,        0.042406,              0.652737,               0.320298,               245359.02,          1000,             1,           5
uniform_cloud ,       1,           32,        8,        1.060716,        0.032029,              0.638013,               0.316168,               245359.02,          1000,             1,           5
uniform_cloud ,       1,           32,       10,        1.086547,        0.029330,              0.653549,               0.323729,               245359.02,          1000,             1,           5
uniform_cloud ,       1,           64,        6,        1.522717,        0.024570,              0.804856,               0.649847,               496493.38,          1000,             1,           5
uniform_cloud ,       1,           64,        8,        1.523029,        0.077170,              0.800976,               0.653349,               496493.38,          1000,             1,           5
uniform_cloud ,       1,           64,       10,        1.511815,        0.059654,              0.793071,               0.650437,               496493.38,          1000,             1,           5
uniform_cloud ,       2,           16,        6,        0.835895,        0.037261,              0.613774,               0.108874,                83356.61,           737,             1,           5
uniform_cloud ,       2,           16,        8,        0.837430,        0.013472,              0.615289,               0.108192,                83356.61,           737,             1,           5
uniform_cloud ,       2,           16,       10,        0.846273,        0.010557,              0.621579,               0.109277,                83356.61,           737,             1,           5
uniform_cloud ,       2,           32,        6,        0.881976,        0.050406,              0.478825,               0.320491,               245388.07,           737,             1,           5
uniform_cloud ,       2,           32,        8,        0.903611,        0.016341,              0.491504,               0.328260,               245388.07,           737,             1,           5
uniform_cloud ,       2,           32,       10,        0.903438,        0.020344,              0.492212,               0.327012,               245388.07,           737,             1,           5
uniform_cloud ,       2,           64,        6,        1.337040,        0.009247,              0.621236,               0.660708,               496498.90,           737,             1,           5
uniform_cloud ,       2,           64,        8,        1.359702,        0.031887,              0.638104,               0.665884,               496498.90,           737,             1,           5
uniform_cloud ,       2,           64,       10,        1.437655,        0.060043,              0.694905,               0.685035,               496498.90,           737,             1,           5
uniform_cloud ,       5,           16,        6,        0.501768,        0.023282,              0.323472,               0.114606,                83354.49,           366,             1,           5
uniform_cloud ,       5,           16,        8,        0.493737,        0.014594,              0.319268,               0.111659,                83354.49,           366,             1,           5
uniform_cloud ,       5,           16,       10,        0.485270,        0.015541,              0.312664,               0.110911,                83354.49,           366,             1,           5
uniform_cloud ,       5,           32,        6,        0.618708,        0.017039,              0.245444,               0.324914,               245463.41,           366,             1,           5
uniform_cloud ,       5,           32,        8,        0.612711,        0.019341,              0.242602,               0.324341,               245463.41,           366,             1,           5
uniform_cloud ,       5,           32,       10,        0.599687,        0.006036,              0.239883,               0.314659,               245463.41,           366,             1,           5
uniform_cloud ,       5,           64,        6,        1.045274,        0.070269,              0.330790,               0.681529,               496483.51,           366,             1,           5
uniform_cloud ,       5,           64,        8,        0.990627,        0.015742,              0.308356,               0.649574,               496483.51,           366,             1,           5
uniform_cloud ,       5,           64,       10,        1.021895,        0.037303,              0.329596,               0.660202,               496483.51,           366,             1,           5
uniform_cloud ,      10,           16,        6,        0.335440,        0.008824,              0.185031,               0.110607,                83348.34,           215,             1,           5
uniform_cloud ,      10,           16,        8,        0.331586,        0.009558,              0.183892,               0.108167,                83348.34,           215,             1,           5
uniform_cloud ,      10,           16,       10,        0.332219,        0.013359,              0.183991,               0.108903,                83348.34,           215,             1,           5
uniform_cloud ,      10,           32,        6,        0.503436,        0.020089,              0.145702,               0.325394,               245253.99,           215,             1,           5
uniform_cloud ,      10,           32,        8,        0.505885,        0.006882,              0.148737,               0.326604,               245253.99,           215,             1,           5
uniform_cloud ,      10,           32,       10,        0.509780,        0.018856,              0.147857,               0.331308,               245253.99,           215,             1,           5
uniform_cloud ,      10,           64,        6,        0.848799,        0.021659,              0.180780,               0.646328,               496454.70,           215,             1,           5
uniform_cloud ,      10,           64,        8,        0.894707,        0.047238,              0.194521,               0.677159,               496454.70,           215,             1,           5
uniform_cloud ,      10,           64,       10,        0.859724,        0.026508,              0.183579,               0.654134,               496454.70,           215,             1,           5
uniform_cloud ,      20,           16,        6,        0.247924,        0.002392,              0.110370,               0.110695,                83339.86,           125,             1,           5
uniform_cloud ,      20,           16,        8,        0.242490,        0.005949,              0.107392,               0.108891,                83339.86,           125,             1,           5
uniform_cloud ,      20,           16,       10,        0.238483,        0.005008,              0.106142,               0.106424,                83339.86,           125,             1,           5
uniform_cloud ,      20,           32,        6,        0.431148,        0.017894,              0.086130,               0.324023,               245319.66,           125,             1,           5
uniform_cloud ,      20,           32,        8,        0.429675,        0.013643,              0.084584,               0.324131,               245319.66,           125,             1,           5
uniform_cloud ,      20,           32,       10,        0.427499,        0.011627,              0.085388,               0.321204,               245319.66,           125,             1,           5
uniform_cloud ,      20,           64,        6,        0.757666,        0.010655,              0.106056,               0.635573,               496503.23,           125,             1,           5
uniform_cloud ,      20,           64,        8,        0.772475,        0.021546,              0.108435,               0.647664,               496503.23,           125,             1,           5
uniform_cloud ,      20,           64,       10,        0.782657,        0.017973,              0.110364,               0.655730,               496503.23,           125,             1,           5
uniform_cloud ,      50,           16,        6,        0.439368,        0.012864,              0.100694,               0.321630,               245004.41,            62,             1,           5
uniform_cloud ,      50,           16,        8,        0.435093,        0.006103,              0.099697,               0.318436,               245004.41,            62,             1,           5
uniform_cloud ,      50,           16,       10,        0.442453,        0.017746,              0.101963,               0.323233,               245004.41,            62,             1,           5
uniform_cloud ,      50,           32,        6,        0.603352,        0.013433,              0.066102,               0.522671,               396857.76,            62,             1,           5
uniform_cloud ,      50,           32,        8,        0.607271,        0.020849,              0.065645,               0.526985,               396857.76,            62,             1,           5
uniform_cloud ,      50,           32,       10,        0.611206,        0.028597,              0.070775,               0.525606,               396857.76,            62,             1,           5
uniform_cloud ,      50,           64,        6,        0.718041,        0.019134,              0.058041,               0.647756,               496404.56,            62,             1,           5
uniform_cloud ,      50,           64,        8,        0.723462,        0.015604,              0.056066,               0.655012,               496404.56,            62,             1,           5
uniform_cloud ,      50,           64,       10,        0.734847,        0.021358,              0.057261,               0.665099,               496404.56,            62,             1,           5
uniform_cloud ,     100,           16,        6,        0.494058,        0.018908,              0.070165,               0.410473,               307298.06,            36,             1,           5
uniform_cloud ,     100,           16,        8,        0.494427,        0.018088,              0.069496,               0.411479,               307298.06,            36,             1,           5
uniform_cloud ,     100,           16,       10,        0.499817,        0.021970,              0.071216,               0.415152,               307298.06,            36,             1,           5
uniform_cloud ,     100,           32,        6,        0.743535,        0.014014,              0.048736,               0.682974,               527678.63,            36,             1,           5
uniform_cloud ,     100,           32,        8,        0.748697,        0.017645,              0.048034,               0.688912,               527678.63,            36,             1,           5
uniform_cloud ,     100,           32,       10,        0.746130,        0.008008,              0.048770,               0.685488,               527678.63,            36,             1,           5
uniform_cloud ,     100,           64,        6,        0.915325,        0.013944,              0.049693,               0.854912,               644693.11,            36,             1,           5
uniform_cloud ,     100,           64,        8,        0.939279,        0.019623,              0.048445,               0.879788,               644693.11,            36,             1,           5
uniform_cloud ,     100,           64,       10,        0.916074,        0.015500,              0.047206,               0.857925,               644693.11,            36,             1,           5
