  particle_num,  speed_cv_param, solid_fraction_actual,  velocity_cv_actual, acc_magnitude_cv_actual,       K,  total_time_s,broad_phase_time_s,narrow_phase_time_s, rebuild_count,avg_candidates_per_frame,correctness_ok,repeat_count
           500,            0.10,              0.009696,            0.102310,                0.292562,       0,      0.199344,          0.190563,           0.001385,          2000,                  378.87,             1,           3
           500,            0.10,              0.009696,            0.102310,                0.292562,       5,      0.072239,          0.066102,           0.001190,           613,                  378.99,             1,           3
           500,            0.10,              0.009696,            0.102310,                0.292562,      20,      0.066063,          0.059921,           0.001180,           538,                  379.00,             1,           3
           500,            0.10,              0.009696,            0.102310,                0.292562,      50,      0.069367,          0.062789,           0.001261,           538,                  378.88,             1,           3
           500,            0.10,              0.009696,            0.102310,                0.292562,     100,      0.067350,          0.061071,           0.001230,           538,                  378.88,             1,           3
           500,            0.10,              0.009696,            0.102310,                0.292562,     200,      0.068602,          0.062102,           0.001262,           538,                  378.88,             1,           3
           500,            0.10,              0.009696,            0.102310,                0.292562,     500,      0.067495,          0.061255,           0.001203,           538,                  378.88,             1,           3
           500,            0.10,              0.009696,            0.102310,                0.292562,    1000,      0.067081,          0.060753,           0.001247,           538,                  378.88,             1,           3
           500,            0.30,              0.009696,            0.293268,                0.286921,       0,      0.181447,          0.173793,           0.001203,          2000,                  376.12,             1,           3
           500,            0.30,              0.009696,            0.293268,                0.286921,       5,      0.073383,          0.066916,           0.001254,           594,                  376.20,             1,           3
           500,            0.30,              0.009696,            0.293268,                0.286921,      20,      0.068935,          0.061893,           0.001402,           526,                  376.07,             1,           3
           500,            0.30,              0.009696,            0.293268,                0.286921,      50,      0.065603,          0.059320,           0.001219,           525,                  376.06,             1,           3
           500,            0.30,              0.009696,            0.293268,                0.286921,     100,      0.064011,          0.057902,           0.001171,           525,                  376.06,             1,           3
           500,            0.30,              0.009696,            0.293268,                0.286921,     200,      0.063908,          0.057848,           0.001169,           525,                  376.06,             1,           3
           500,            0.30,              0.009696,            0.293268,                0.286921,     500,      0.064719,          0.058530,           0.001204,           525,                  376.06,             1,           3
           500,            0.30,              0.009696,            0.293268,                0.286921,    1000,      0.067792,          0.060933,           0.001401,           525,                  376.06,             1,           3
           500,            0.50,              0.009696,            0.472503,                0.293824,       0,      0.185779,          0.178054,           0.001219,          2000,                  382.31,             1,           3
           500,            0.50,              0.009696,            0.472503,                0.293824,       5,      0.070658,          0.064562,           0.001169,           600,                  382.30,             1,           3
           500,            0.50,              0.009696,            0.472503,                0.293824,      20,      0.065111,          0.059038,           0.001180,           543,                  382.33,             1,           3
           500,            0.50,              0.009696,            0.472503,                0.293824,      50,      0.065264,          0.059248,           0.001160,           542,                  382.41,             1,           3
           500,            0.50,              0.009696,            0.472503,                0.293824,     100,      0.070774,          0.063823,           0.001430,           542,                  382.41,             1,           3
           500,            0.50,              0.009696,            0.472503,                0.293824,     200,      0.065261,          0.059251,           0.001165,           542,                  382.41,             1,           3
           500,            0.50,              0.009696,            0.472503,                0.293824,     500,      0.068629,          0.062067,           0.001302,           542,                  382.41,             1,           3
           500,            0.50,              0.009696,            0.472503,                0.293824,    1000,      0.067418,          0.061141,           0.001211,           542,                  382.41,             1,           3
           500,            0.80,              0.009696,            0.611920,                0.278410,       0,      0.181635,          0.174076,           0.001258,          2000,                  385.47,             1,           3
           500,            0.80,              0.009696,            0.611920,                0.278410,       5,      0.074386,          0.067790,           0.001288,           601,                  385.41,             1,           3
           500,            0.80,              0.009696,            0.611920,                0.278410,      20,      0.068671,          0.062187,           0.001299,           551,                  385.56,             1,           3
           500,            0.80,              0.009696,            0.611920,                0.278410,      50,      0.065969,          0.059971,           0.001164,           551,                  385.53,             1,           3
           500,            0.80,              0.009696,            0.611920,                0.278410,     100,      0.066606,          0.060533,           0.001183,           551,                  385.53,             1,           3
           500,            0.80,              0.009696,            0.611920,                0.278410,     200,      0.068068,          0.061893,           0.001199,           551,                  385.53,             1,           3
           500,            0.80,              0.009696,            0.611920,                0.278410,     500,      0.066258,          0.060262,           0.001170,           551,                  385.53,             1,           3
           500,            0.80,              0.009696,            0.611920,                0.278410,    1000,      0.067917,          0.061646,           0.001238,           551,                  385.53,             1,           3
           500,            1.20,              0.009696,            0.741812,                0.274849,       0,      0.188428,          0.180666,           0.001244,          2000,                  380.44,             1,           3
           500,            1.20,              0.009696,            0.741812,                0.274849,       5,      0.069299,          0.063340,           0.001147,           592,                  380.41,             1,           3
           500,            1.20,              0.009696,            0.741812,                0.274849,      20,      0.066187,          0.060222,           0.001163,           547,                  380.37,             1,           3
           500,            1.20,              0.009696,            0.741812,                0.274849,      50,      0.069248,          0.062697,           0.001316,           546,                  380.33,             1,           3
           500,            1.20,              0.009696,            0.741812,                0.274849,     100,      0.070526,          0.063616,           0.001399,           546,                  380.33,             1,           3
           500,            1.20,              0.009696,            0.741812,                0.274849,     200,      0.069187,          0.062593,           0.001324,           546,                  380.33,             1,           3
           500,            1.20,              0.009696,            0.741812,                0.274849,     500,      0.067418,          0.061241,           0.001181,           546,                  380.33,             1,           3
           500,            1.20,              0.009696,            0.741812,                0.274849,    1000,      0.068615,          0.062113,           0.001336,           546,                  380.33,             1,           3
          1000,            0.10,              0.019393,            0.097716,                0.274434,       0,      0.414564,          0.396365,           0.005117,          2000,                 1503.90,             1,           3
          1000,            0.10,              0.019393,            0.097716,                0.274434,       5,      0.173703,          0.157918,           0.005148,           683,                 1503.83,             1,           3
          1000,            0.10,              0.019393,            0.097716,                0.274434,      20,      0.140104,          0.124238,           0.005389,           508,                 1503.70,             1,           3
          1000,            0.10,              0.019393,            0.097716,                0.274434,      50,      0.128196,          0.114137,           0.004672,           506,                 1504.25,             1,           3
          1000,            0.10,              0.019393,            0.097716,                0.274434,     100,      0.128278,          0.114136,           0.004701,           506,                 1504.25,             1,           3
          1000,            0.10,              0.019393,            0.097716,                0.274434,     200,      0.136680,          0.120699,           0.005494,           506,                 1504.25,             1,           3
          1000,            0.10,              0.019393,            0.097716,                0.274434,     500,      0.127196,          0.113230,           0.004664,           506,                 1504.25,             1,           3
          1000,            0.10,              0.019393,            0.097716,                0.274434,    1000,      0.127915,          0.113797,           0.004706,           506,                 1504.25,             1,           3
          1000,            0.30,              0.019393,            0.295741,                0.293389,       0,      0.404907,          0.387083,           0.004989,          2000,                 1520.37,             1,           3
          1000,            0.30,              0.019393,            0.295741,                0.293389,       5,      0.166518,          0.151873,           0.004684,           699,                 1520.38,             1,           3
          1000,            0.30,              0.019393,            0.295741,                0.293389,      20,      0.136695,          0.122390,           0.004781,           551,                 1520.18,             1,           3
          1000,            0.30,              0.019393,            0.295741,                0.293389,      50,      0.145006,          0.128917,           0.005477,           548,                 1520.79,             1,           3
          1000,            0.30,              0.019393,            0.295741,                0.293389,     100,      0.139812,          0.124550,           0.005133,           548,                 1520.86,             1,           3
          1000,            0.30,              0.019393,            0.295741,                0.293389,     200,      0.136143,          0.121823,           0.004734,           548,                 1520.86,             1,           3
          1000,            0.30,              0.019393,            0.295741,                0.293389,     500,      0.146529,          0.130346,           0.005494,           548,                 1520.86,             1,           3
          1000,            0.30,              0.019393,            0.295741,                0.293389,    1000,      0.135920,          0.121706,           0.004724,           548,                 1520.86,             1,           3
          1000,            0.50,              0.019393,            0.477141,                0.287126,       0,      0.402129,          0.384546,           0.004921,          2000,                 1531.25,             1,           3
          1000,            0.50,              0.019393,            0.477141,                0.287126,       5,      0.171093,          0.156264,           0.004751,           715,                 1531.13,             1,           3
          1000,            0.50,              0.019393,            0.477141,                0.287126,      20,      0.139750,          0.124431,           0.005226,           537,                 1531.13,             1,           3
          1000,            0.50,              0.019393,            0.477141,                0.287126,      50,      0.133435,          0.119190,           0.004717,           535,                 1531.04,             1,           3
          1000,            0.50,              0.019393,            0.477141,                0.287126,     100,      0.137123,          0.122255,           0.005029,           535,                 1531.04,             1,           3
          1000,            0.50,              0.019393,            0.477141,                0.287126,     200,      0.143254,          0.127201,           0.005516,           535,                 1531.04,             1,           3
          1000,            0.50,              0.019393,            0.477141,                0.287126,     500,      0.141035,          0.125829,           0.005043,           535,                 1531.04,             1,           3
          1000,            0.50,              0.019393,            0.477141,                0.287126,    1000,      0.136536,          0.121881,           0.004906,           535,                 1531.04,             1,           3
          1000,            0.80,              0.019393,            0.663259,                0.274751,       0,      0.418947,          0.400965,           0.005045,          2000,                 1527.02,             1,           3
          1000,            0.80,              0.019393,            0.663259,                0.274751,       5,      0.176170,          0.161110,           0.004902,           722,                 1527.02,             1,           3
          1000,            0.80,              0.019393,            0.663259,                0.274751,      20,      0.146415,          0.131596,           0.004945,           572,                 1527.07,             1,           3
          1000,            0.80,              0.019393,            0.663259,                0.274751,      50,      0.151082,          0.135385,           0.005321,           571,                 1527.31,             1,           3
          1000,            0.80,              0.019393,            0.663259,                0.274751,     100,      0.143510,          0.129129,           0.004796,           571,                 1527.31,             1,           3
          1000,            0.80,              0.019393,            0.663259,                0.274751,     200,      0.143200,          0.128783,           0.004828,           571,                 1527.31,             1,           3
          1000,            0.80,              0.019393,            0.663259,                0.274751,     500,      0.146878,          0.131905,           0.005016,           571,                 1527.31,             1,           3
          1000,            0.80,              0.019393,            0.663259,                0.274751,    1000,      0.140753,          0.126493,           0.004781,           571,                 1527.31,             1,           3
          1000,            1.20,              0.019393,            0.723696,                0.289098,       0,      0.424032,          0.405571,           0.005282,          2000,                 1519.99,             1,           3
          1000,            1.20,              0.019393,            0.723696,                0.289098,       5,      0.183471,          0.167941,           0.005007,           750,                 1520.19,             1,           3
          1000,            1.20,              0.019393,            0.723696,                0.289098,      20,      0.148912,          0.134660,           0.004672,           608,                 1519.91,             1,           3
          1000,            1.20,              0.019393,            0.723696,                0.289098,      50,      0.149627,          0.135161,           0.004723,           605,                 1519.56,             1,           3
          1000,            1.20,              0.019393,            0.723696,                0.289098,     100,      0.155796,          0.140237,           0.005182,           604,                 1519.56,             1,           3
          1000,            1.20,              0.019393,            0.723696,                0.289098,     200,      0.155183,          0.139492,           0.005267,           604,                 1519.56,             1,           3
          1000,            1.20,              0.019393,            0.723696,                0.289098,     500,      0.148964,          0.134610,           0.004708,           604,                 1519.56,             1,           3
          1000,            1.20,              0.019393,            0.723696,                0.289098,    1000,      0.154439,          0.138994,           0.005145,           604,                 1519.56,             1,           3
          2000,            0.10,              0.038785,            0.100931,                0.291211,       0,      0.966485,          0.920378,           0.019929,          2000,                 6050.35,             1,           3
          2000,            0.10,              0.038785,            0.100931,                0.291211,       5,      0.498674,          0.455910,           0.020185,           955,                 6050.67,             1,           3
          2000,            0.10,              0.038785,            0.100931,                0.291211,      20,      0.301653,          0.262710,           0.019329,           563,                 6050.75,             1,           3
          2000,            0.10,              0.038785,            0.100931,                0.291211,      50,      0.300764,          0.261802,           0.019360,           555,                 6050.36,             1,           3
          2000,            0.10,              0.038785,            0.100931,                0.291211,     100,      0.299114,          0.260578,           0.019179,           555,                 6050.36,             1,           3
          2000,            0.10,              0.038785,            0.100931,                0.291211,     200,      0.295085,          0.257359,           0.018710,           555,                 6050.36,             1,           3
          2000,            0.10,              0.038785,            0.100931,                0.291211,     500,      0.303548,          0.264102,           0.019694,           555,                 6050.36,             1,           3
          2000,            0.10,              0.038785,            0.100931,                0.291211,    1000,      0.305486,          0.264679,           0.020535,           555,                 6050.36,             1,           3
          2000,            0.30,              0.038785,            0.294118,                0.285129,       0,      0.958746,          0.914059,           0.019179,          2000,                 6049.60,             1,           3
          2000,            0.30,              0.038785,            0.294118,                0.285129,       5,      0.486939,          0.445840,           0.019252,           955,                 6048.98,             1,           3
          2000,            0.30,              0.038785,            0.294118,                0.285129,      20,      0.313859,          0.270724,           0.021622,           524,                 6049.40,             1,           3
          2000,            0.30,              0.038785,            0.294118,                0.285129,      50,      0.302702,          0.260197,           0.021259,           514,                 6049.10,             1,           3
          2000,            0.30,              0.038785,            0.294118,                0.285129,     100,      0.313033,          0.268369,           0.022679,           514,                 6048.97,             1,           3
          2000,            0.30,              0.038785,            0.294118,                0.285129,     200,      0.291316,          0.251539,           0.019821,           514,                 6048.97,             1,           3
          2000,            0.30,              0.038785,            0.294118,                0.285129,     500,      0.297530,          0.255745,           0.021073,           514,                 6048.97,             1,           3
          2000,            0.30,              0.038785,            0.294118,                0.285129,    1000,      0.290302,          0.250439,           0.020035,           514,                 6048.97,             1,           3
          2000,            0.50,              0.038785,            0.480683,                0.293684,       0,      0.994454,          0.947825,           0.020014,          2000,                 6032.12,             1,           3
          2000,            0.50,              0.038785,            0.480683,                0.293684,       5,      0.507683,          0.465139,           0.020043,           973,                 6032.47,             1,           3
          2000,            0.50,              0.038785,            0.480683,                0.293684,      20,      0.296526,          0.256400,           0.020204,           525,                 6032.64,             1,           3
          2000,            0.50,              0.038785,            0.480683,                0.293684,      50,      0.288332,          0.249407,           0.019502,           517,                 6031.98,             1,           3
          2000,            0.50,              0.038785,            0.480683,                0.293684,     100,      0.290142,          0.251089,           0.019465,           517,                 6031.98,             1,           3
          2000,            0.50,              0.038785,            0.480683,                0.293684,     200,      0.285794,          0.247292,           0.019055,           517,                 6031.98,             1,           3
          2000,            0.50,              0.038785,            0.480683,                0.293684,     500,      0.291520,          0.252359,           0.019469,           517,                 6031.98,             1,           3
          2000,            0.50,              0.038785,            0.480683,                0.293684,    1000,      0.292229,          0.252090,           0.020116,           517,                 6031.98,             1,           3
          2000,            0.80,              0.038785,            0.610796,                0.283197,       0,      0.979176,          0.932844,           0.020226,          2000,                 6027.23,             1,           3
          2000,            0.80,              0.038785,            0.610796,                0.283197,       5,      0.535263,          0.490795,           0.020739,           995,                 6027.05,             1,           3
          2000,            0.80,              0.038785,            0.610796,                0.283197,      20,      0.317523,          0.277246,           0.019904,           562,                 6027.14,             1,           3
          2000,            0.80,              0.038785,            0.610796,                0.283197,      50,      0.315826,          0.275569,           0.019805,           554,                 6027.47,             1,           3
          2000,            0.80,              0.038785,            0.610796,                0.283197,     100,      0.319761,          0.277776,           0.020878,           553,                 6027.45,             1,           3
          2000,            0.80,              0.038785,            0.610796,                0.283197,     200,      0.310232,          0.270729,           0.019443,           553,                 6027.45,             1,           3
          2000,            0.80,              0.038785,            0.610796,                0.283197,     500,      0.306597,          0.267666,           0.019184,           553,                 6027.45,             1,           3
          2000,            0.80,              0.038785,            0.610796,                0.283197,    1000,      0.310089,          0.270455,           0.019527,           553,                 6027.45,             1,           3
          2000,            1.20,              0.038785,            0.716877,                0.294081,       0,      0.989104,          0.942851,           0.019860,          2000,                 6038.46,             1,           3
          2000,            1.20,              0.038785,            0.716877,                0.294081,       5,      0.523405,          0.480247,           0.020257,          1002,                 6038.44,             1,           3
          2000,            1.20,              0.038785,            0.716877,                0.294081,      20,      0.330538,          0.289578,           0.020442,           592,                 6038.58,             1,           3
          2000,            1.20,              0.038785,            0.716877,                0.294081,      50,      0.312306,          0.273708,           0.019142,           578,                 6038.14,             1,           3
          2000,            1.20,              0.038785,            0.716877,                0.294081,     100,      0.311368,          0.272722,           0.019136,           577,                 6038.28,             1,           3
          2000,            1.20,              0.038785,            0.716877,                0.294081,     200,      0.322413,          0.281893,           0.020217,           577,                 6038.28,             1,           3
          2000,            1.20,              0.038785,            0.716877,                0.294081,     500,      0.311164,          0.272636,           0.019188,           577,                 6038.28,             1,           3
          2000,            1.20,              0.038785,            0.716877,                0.294081,    1000,      0.326843,          0.285976,           0.020390,           577,                 6038.28,             1,           3
          4000,            0.10,              0.077570,            0.100863,                0.286470,       0,      2.211040,          2.073020,           0.080742,          2000,                24124.54,             1,           3
          4000,            0.10,              0.077570,            0.100863,                0.286470,       5,      1.548111,          1.417615,           0.078842,          1378,                24124.91,             1,           3
          4000,            0.10,              0.077570,            0.100863,                0.286470,      20,      0.653417,          0.534904,           0.077144,           520,                24126.10,             1,           3
          4000,            0.10,              0.077570,            0.100863,                0.286470,      50,      0.653317,          0.523168,           0.085600,           477,                24124.50,             1,           3
          4000,            0.10,              0.077570,            0.100863,                0.286470,     100,      0.624443,          0.502557,           0.080016,           477,                24124.51,             1,           3
          4000,            0.10,              0.077570,            0.100863,                0.286470,     200,      0.617238,          0.496441,           0.079341,           477,                24124.51,             1,           3
          4000,            0.10,              0.077570,            0.100863,                0.286470,     500,      0.617966,          0.497436,           0.079248,           477,                24124.51,             1,           3
          4000,            0.10,              0.077570,            0.100863,                0.286470,    1000,      0.624726,          0.503649,           0.079171,           477,                24124.51,             1,           3
          4000,            0.30,              0.077570,            0.297065,                0.291619,       0,      2.292079,          2.150718,           0.082275,          2000,                24088.83,             1,           3
          4000,            0.30,              0.077570,            0.297065,                0.291619,       5,      1.586268,          1.451225,           0.081760,          1379,                24089.15,             1,           3
          4000,            0.30,              0.077570,            0.297065,                0.291619,      20,      0.657281,          0.537763,           0.078320,           523,                24088.15,             1,           3
          4000,            0.30,              0.077570,            0.297065,                0.291619,      50,      0.607855,          0.492153,           0.075865,           482,                24087.44,             1,           3
          4000,            0.30,              0.077570,            0.297065,                0.291619,     100,      0.617938,          0.498727,           0.078508,           481,                24088.17,             1,           3
          4000,            0.30,              0.077570,            0.297065,                0.291619,     200,      0.622662,          0.501742,           0.079679,           481,                24088.17,             1,           3
          4000,            0.30,              0.077570,            0.297065,                0.291619,     500,      0.623717,          0.501361,           0.081044,           481,                24088.17,             1,           3
          4000,            0.30,              0.077570,            0.297065,                0.291619,    1000,      0.613070,          0.493969,           0.078762,           481,                24088.17,             1,           3
          4000,            0.50,              0.077570,            0.485207,                0.286594,       0,      2.179588,          2.045675,           0.078693,          2000,                24138.70,             1,           3
          4000,            0.50,              0.077570,            0.485207,                0.286594,       5,      1.564621,          1.433780,           0.079044,          1403,                24138.61,             1,           3
          4000,            0.50,              0.077570,            0.485207,                0.286594,      20,      0.653140,          0.534299,           0.077805,           523,                24138.96,             1,           3
          4000,            0.50,              0.077570,            0.485207,                0.286594,      50,      0.605120,          0.488631,           0.076434,           481,                24138.92,             1,           3
          4000,            0.50,              0.077570,            0.485207,                0.286594,     100,      0.609619,          0.491573,           0.077750,           480,                24138.95,             1,           3
          4000,            0.50,              0.077570,            0.485207,                0.286594,     200,      0.604851,          0.488882,           0.076108,           480,                24138.95,             1,           3
          4000,            0.50,              0.077570,            0.485207,                0.286594,     500,      0.606409,          0.491121,           0.075525,           480,                24138.95,             1,           3
          4000,            0.50,              0.077570,            0.485207,                0.286594,    1000,      0.608975,          0.491808,           0.076937,           480,                24138.95,             1,           3
          4000,            0.80,              0.077570,            0.631773,                0.288422,       0,      2.221167,          2.084121,           0.080566,          2000,                24153.30,             1,           3
          4000,            0.80,              0.077570,            0.631773,                0.288422,       5,      1.581205,          1.452216,           0.077409,          1428,                24153.81,             1,           3
          4000,            0.80,              0.077570,            0.631773,                0.288422,      20,      0.699527,          0.578319,           0.079296,           561,                24154.50,             1,           3
          4000,            0.80,              0.077570,            0.631773,                0.288422,      50,      0.644797,          0.525836,           0.077878,           508,                24153.76,             1,           3
          4000,            0.80,              0.077570,            0.631773,                0.288422,     100,      0.641749,          0.523237,           0.077650,           508,                24153.76,             1,           3
          4000,            0.80,              0.077570,            0.631773,                0.288422,     200,      0.703204,          0.570799,           0.086787,           508,                24153.76,             1,           3
          4000,            0.80,              0.077570,            0.631773,                0.288422,     500,      0.703361,          0.567259,           0.090841,           508,                24153.76,             1,           3
          4000,            0.80,              0.077570,            0.631773,                0.288422,    1000,      0.643382,          0.524602,           0.077853,           508,                24153.76,             1,           3
          4000,            1.20,              0.077570,            0.691080,                0.285790,       0,      2.213442,          2.076345,           0.080695,          2000,                24186.16,             1,           3
          4000,            1.20,              0.077570,            0.691080,                0.285790,       5,      1.605991,          1.476879,           0.077474,          1444,                24186.24,             1,           3
          4000,            1.20,              0.077570,            0.691080,                0.285790,      20,      0.741388,          0.620591,           0.078164,           599,                24186.81,             1,           3
          4000,            1.20,              0.077570,            0.691080,                0.285790,      50,      0.700450,          0.577820,           0.080120,           554,                24186.15,             1,           3
          4000,            1.20,              0.077570,            0.691080,                0.285790,     100,      0.684628,          0.567685,           0.075723,           553,                24186.10,             1,           3
          4000,            1.20,              0.077570,            0.691080,                0.285790,     200,      0.683242,          0.566351,           0.075869,           553,                24186.10,             1,           3
          4000,            1.20,              0.077570,            0.691080,                0.285790,     500,      0.699069,          0.576460,           0.080287,           553,                24186.10,             1,           3
          4000,            1.20,              0.077570,            0.691080,                0.285790,    1000,      0.721292,          0.595896,           0.081858,           553,                24186.10,             1,           3
          8000,            0.10,              0.155140,            0.099805,                0.289788,       0,      5.183117,          4.702882,           0.357014,          2000,                96940.73,             1,           3
          8000,            0.10,              0.155140,            0.099805,                0.289788,       5,      4.971657,          4.470724,           0.357299,          1919,                96940.90,             1,           3
          8000,            0.10,              0.155140,            0.099805,                0.289788,      20,      1.870552,          1.416983,           0.347591,           608,                96942.55,             1,           3
          8000,            0.10,              0.155140,            0.099805,                0.289788,      50,      1.597087,          1.124162,           0.359718,           457,                96938.35,             1,           3
          8000,            0.10,              0.155140,            0.099805,                0.289788,     100,      1.501370,          1.066210,           0.345952,           455,                96939.57,             1,           3
          8000,            0.10,              0.155140,            0.099805,                0.289788,     200,      1.538054,          1.094154,           0.352287,           455,                96939.57,             1,           3
          8000,            0.10,              0.155140,            0.099805,                0.289788,     500,      1.528306,          1.088458,           0.349189,           455,                96939.57,             1,           3
          8000,            0.10,              0.155140,            0.099805,                0.289788,    1000,      1.509845,          1.072816,           0.346804,           455,                96939.57,             1,           3
          8000,            0.30,              0.155140,            0.298832,                0.291449,       0,      5.149955,          4.664199,           0.363040,          2000,                97214.93,             1,           3
          8000,            0.30,              0.155140,            0.298832,                0.291449,       5,      4.991412,          4.482113,           0.364932,          1944,                97215.24,             1,           3
          8000,            0.30,              0.155140,            0.298832,                0.291449,      20,      1.981931,          1.498932,           0.372123,           618,                97218.45,             1,           3
          8000,            0.30,              0.155140,            0.298832,                0.291449,      50,      1.498896,          1.056791,           0.353256,           452,                97213.86,             1,           3
          8000,            0.30,              0.155140,            0.298832,                0.291449,     100,      1.455035,          1.020643,           0.348169,           451,                97217.77,             1,           3
          8000,            0.30,              0.155140,            0.298832,                0.291449,     200,      1.554115,          1.089020,           0.371763,           451,                97217.77,             1,           3
          8000,            0.30,              0.155140,            0.298832,                0.291449,     500,      1.444834,          1.017144,           0.341570,           451,                97217.77,             1,           3
          8000,            0.30,              0.155140,            0.298832,                0.291449,    1000,      1.438199,          1.014087,           0.338564,           451,                97217.77,             1,           3
          8000,            0.50,              0.155140,            0.474794,                0.287471,       0,      4.781926,          4.339266,           0.329907,          2000,                97218.16,             1,           3
          8000,            0.50,              0.155140,            0.474794,                0.287471,       5,      4.651792,          4.193870,           0.332242,          1930,                97218.21,             1,           3
          8000,            0.50,              0.155140,            0.474794,                0.287471,      20,      1.901007,          1.441597,           0.349543,           620,                97217.97,             1,           3
          8000,            0.50,              0.155140,            0.474794,                0.287471,      50,      1.540694,          1.092298,           0.341807,           468,                97219.82,             1,           3
          8000,            0.50,              0.155140,            0.474794,                0.287471,     100,      1.464623,          1.043255,           0.335559,           466,                97218.45,             1,           3
          8000,            0.50,              0.155140,            0.474794,                0.287471,     200,      1.429937,          1.020619,           0.325345,           466,                97218.45,             1,           3
          8000,            0.50,              0.155140,            0.474794,                0.287471,     500,      1.442291,          1.032231,           0.325491,           466,                97218.45,             1,           3
          8000,            0.50,              0.155140,            0.474794,                0.287471,    1000,      1.529240,          1.088386,           0.350653,           466,                97218.45,             1,           3
          8000,            0.80,              0.155140,            0.630058,                0.291285,       0,      4.859456,          4.397020,           0.348307,          2000,                97500.53,             1,           3
          8000,            0.80,              0.155140,            0.630058,                0.291285,       5,      5.298544,          4.736754,           0.403998,          1955,                97500.58,             1,           3
          8000,            0.80,              0.155140,            0.630058,                0.291285,      20,      1.992467,          1.518411,           0.360120,           645,                97501.36,             1,           3
          8000,            0.80,              0.155140,            0.630058,                0.291285,      50,      1.603863,          1.141701,           0.364584,           476,                97500.06,             1,           3
          8000,            0.80,              0.155140,            0.630058,                0.291285,     100,      1.540159,          1.099616,           0.351233,           475,                97500.91,             1,           3
          8000,            0.80,              0.155140,            0.630058,                0.291285,     200,      1.546542,          1.103459,           0.353097,           475,                97500.91,             1,           3
          8000,            0.80,              0.155140,            0.630058,                0.291285,     500,      1.648097,          1.169746,           0.381759,           475,                97500.91,             1,           3
          8000,            0.80,              0.155140,            0.630058,                0.291285,    1000,      1.637483,          1.168800,           0.371848,           475,                97500.91,             1,           3
          8000,            1.20,              0.155140,            0.724943,                0.287499,       0,      4.995869,          4.519928,           0.355516,          2000,                97809.97,             1,           3
          8000,            1.20,              0.155140,            0.724943,                0.287499,       5,      4.811752,          4.322157,           0.354209,          1958,                97809.98,             1,           3
          8000,            1.20,              0.155140,            0.724943,                0.287499,      20,      2.106600,          1.625203,           0.368048,           677,                97810.12,             1,           3
          8000,            1.20,              0.155140,            0.724943,                0.287499,      50,      1.609838,          1.166669,           0.336786,           512,                97811.03,             1,           3
          8000,            1.20,              0.155140,            0.724943,                0.287499,     100,      1.589532,          1.162037,           0.337893,           511,                97810.73,             1,           3
          8000,            1.20,              0.155140,            0.724943,                0.287499,     200,      1.629758,          1.190423,           0.347261,           511,                97810.73,             1,           3
          8000,            1.20,              0.155140,            0.724943,                0.287499,     500,      1.675000,          1.220581,           0.359017,           511,                97810.73,             1,           3
          8000,            1.20,              0.155140,            0.724943,                0.287499,    1000,      1.563905,          1.146845,           0.329931,           511,                97810.73,             1,           3
